grinning	smile happy
smiley	happy joy haha
smile	happy joy laugh pleased
laughing	happy haha
sweat_smile	hot
rofl	lol laughing
joy	tears
melting_face	sarcasm dread
wink	flirt
blush	proud
innocent	angel
smiling_face_with_three_hearts	love
heart_eyes	love crush
star_struck	eyes
kissing_heart	flirt
relaxed	blush pleased
yum	tongue lick
stuck_out_tongue_winking_eye	prank silly
zany_face	goofy wacky
stuck_out_tongue_closed_eyes	prank
money_mouth_face	rich
hand_over_mouth	quiet whoops
face_with_open_eyes_and_hand_over_mouth	gasp shock
shushing_face	silence quiet
saluting_face	respect
zipper_mouth_face	silence hush
raised_eyebrow	suspicious
neutral_face	meh
no_mouth	mute silence
dotted_line_face	invisible
smirk	smug
unamused	meh
lying_face	liar
shaking_face	shock
relieved	whew
sleepy	tired
sleeping	zzz
mask	sick ill
face_with_thermometer	sick
face_with_head_bandage	hurt
nauseated_face	sick barf disgusted
vomiting_face	barf sick
sneezing_face	achoo sick
hot_face	heat sweating
cold_face	freezing ice
woozy_face	groggy
exploding_head	mind blown
partying_face	celebration birthday
sunglasses	cool
nerd_face	geek glasses
face_with_diagonal_mouth	confused
worried	nervous
open_mouth	surprise impressed wow
hushed	silence speechless
astonished	amazed gasp
pleading_face	puppy eyes
face_holding_back_tears	tears gratitude
anguished	stunned
fearful	scared shocked oops
cold_sweat	nervous
disappointed_relieved	phew sweat nervous
cry	sad tear
sob	sad cry bawling
scream	horror shocked
persevere	struggling
disappointed	sad
weary	tired
tired_face	upset whine
triumph	smug
rage	angry
angry	mad annoyed
cursing_face	foul
smiling_imp	devil evil horns
imp	angry devil evil horns
skull	dead danger poison
skull_and_crossbones	danger pirate
hankey	crap
japanese_ogre	monster
ghost	halloween
alien	ufo
space_invader	game retro
scream_cat	horror
crying_cat_face	sad tear
see_no_evil	monkey blind ignore
hear_no_evil	monkey deaf
speak_no_evil	monkey mute hush
love_letter	email envelope
cupid	love heart
gift_heart	chocolates
heart	love
kiss	lipstick
100	score perfect
anger	angry
boom	explode
dizzy	star
sweat_drops	water workout
dash	wind blow fast
speech_balloon	comment
thought_balloon	thinking
zzz	sleeping
wave	goodbye
hand	highfive stop
vulcan_salute	prosper spock
v	victory peace
crossed_fingers	luck hopeful
+1	approve ok
-1	disapprove bury
fist_raised	power
fist_oncoming	attack
clap	praise applause
raised_hands	hooray
heart_hands	love
handshake	deal
pray	please hope wish
nail_care	beauty manicure
muscle	flex bicep strong workout
ear	hear sound listen
nose	smell
eyes	look see watch
tongue	taste
lips	kiss
baby	child newborn
boy	child
girl	child
man	mustache father dad
woman	girls
no_good	stop halt denied
no_good_man	stop halt denied
no_good_woman	stop halt denied
tipping_hand_man	information
tipping_hand_woman	information
bow	respect thanks
bowing_man	respect thanks
bowing_woman	respect thanks
man_health_worker	doctor nurse
woman_health_worker	doctor nurse
man_student	graduation
woman_student	graduation
man_teacher	school professor
woman_teacher	school professor
man_judge	justice
woman_judge	justice
man_cook	chef
woman_cook	chef
man_office_worker	business
woman_office_worker	business
man_scientist	research
woman_scientist	research
man_technologist	coder
woman_technologist	coder
man_singer	rockstar
woman_singer	rockstar
man_artist	painter
woman_artist	painter
man_astronaut	space
woman_astronaut	space
police_officer	law
policeman	law cop
policewoman	law cop
detective	sleuth
male_detective	sleuth
female_detective	sleuth
construction_worker	helmet
construction_worker_man	helmet
construction_worker_woman	helmet
prince	crown royal
princess	crown royal
woman_with_headscarf	hijab
person_in_tuxedo	groom marriage wedding
person_with_veil	marriage wedding
breast_feeding	nursing
santa	christmas
mrs_claus	santa
mage	wizard
mage_man	wizard
mage_woman	wizard
massage	spa
massage_man	spa
massage_woman	spa
haircut	beauty
runner	exercise workout marathon
running_man	exercise workout marathon
running_woman	exercise workout marathon
woman_dancing	dress
man_dancing	dancer
dancers	bunny
dancing_men	bunny
dancing_women	bunny
sauna_person	steamy
sauna_man	steamy
sauna_woman	steamy
climbing	bouldering
climbing_man	bouldering
climbing_woman	bouldering
bouncing_ball_person	basketball
weight_lifting	gym workout
weight_lifting_man	gym workout
weight_lifting_woman	gym workout
lotus_position	meditation
lotus_position_man	meditation
lotus_position_woman	meditation
bath	shower
people_holding_hands	couple date
two_women_holding_hands	couple date
couple	date
two_men_holding_hands	couple date
family	home parents child
bust_in_silhouette	user
busts_in_silhouette	users group team
footprints	feet tracks
dog	pet
poodle	dog
cat	pet
moose	canada
donkey	mule
racehorse	speed
dromedary_camel	desert
hamster	pet
rabbit	bunny
turkey	thanksgiving
dove	peace
wing	fly
goose	honk
turtle	slow
sauropod	dinosaur
t-rex	dinosaur
whale	sea
shell	sea beach
snail	slow
lady_beetle	bug
microbe	germ
bouquet	flowers
cherry_blossom	flower spring
rose	flower
tulip	flower
seedling	plant
evergreen_tree	wood
deciduous_tree	wood
four_leaf_clover	luck
maple_leaf	canada
fallen_leaf	autumn
leaves	leaf
mushroom	fungus
banana	fruit
green_apple	fruit
cherries	fruit
strawberry	fruit
eggplant	aubergine
hot_pepper	spicy
bread	toast
poultry_leg	meat chicken
hamburger	burger
fried_egg	breakfast
shallow_pan_of_food	paella curry
ramen	noodle
spaghetti	pasta
fried_shrimp	tempura
birthday	party
cake	dessert
candy	sweet
baby_bottle	milk
coffee	cafe espresso
tea	green breakfast
champagne	bottle bubbly celebration
cocktail	drink
tropical_drink	summer vacation
beer	drink
beers	drinks
clinking_glasses	cheers toast
tumbler_glass	whisky
plate_with_cutlery	dining dinner
fork_and_knife	cutlery
hocho	cut chop
earth_africa	globe world international
earth_americas	globe world international
earth_asia	globe world international
globe_with_meridians	world global international
world_map	travel
wedding	marriage
tent	camping
foggy	karl
cityscape	skyline
steam_locomotive	train
bullettrain_side	train
bullettrain_front	train
bike	bicycle
rotating_light	911 emergency
vertical_traffic_light	semaphore
construction	wip
anchor	ship
speedboat	ship
passenger_ship	cruise
airplane	flight
small_airplane	flight
artificial_satellite	orbit space
rocket	ship launch
flying_saucer	ufo
hourglass	time
hourglass_flowing_sand	time
watch	time
alarm_clock	morning
crescent_moon	night
sunny	weather
sun_with_face	summer
partly_sunny	weather cloud
cyclone	swirl
closed_umbrella	weather rain
umbrella	rain weather
parasol_on_ground	beach_umbrella
zap	lightning thunder
snowflake	winter cold weather
snowman_with_snow	winter christmas
snowman	winter
fire	burn
droplet	water
ocean	sea
jack_o_lantern	halloween
fireworks	festival celebration
sparkles	shiny
balloon	party birthday
tada	hooray party
gift	present birthday christmas
trophy	award contest winner
medal_sports	gold winner
1st_place_medal	gold
2nd_place_medal	silver
3rd_place_medal	bronze
soccer	sports
baseball	sports
basketball	sports
football	sports
tennis	sports
ice_skate	skating
running_shirt_with_sash	marathon
dart	target
gun	shoot weapon
8ball	pool billiards
crystal_ball	fortune
video_game	play controller console
game_die	dice gambling
mirror_ball	disco party
performing_arts	theater drama
art	design paint
eyeglasses	glasses
necktie	shirt formal
jeans	pants
bikini	beach
folding_hand_fan	sensu
handbag	bag
pouch	bag
shopping	bags
athletic_shoe	sneaker sport running
high_heel	shoe
sandal	shoe
crown	king queen royal
tophat	hat classy
mortar_board	education college university graduation
lipstick	makeup
ring	wedding marriage engaged
gem	diamond
mute	sound volume
sound	volume
loud_sound	volume
loudspeaker	announcement
bell	sound notification
no_bell	volume off
notes	music
studio_microphone	podcast
microphone	sing
headphones	music earphones
radio	podcast
guitar	rock
musical_keyboard	piano
maracas	shaker
flute	recorder
iphone	smartphone mobile
calling	call incoming
telephone_receiver	phone call
battery	power
computer	desktop screen
floppy_disk	save
movie_camera	film video
clapper	film
camera	photo
camera_flash	photo
mag	search zoom
bulb	idea light
books	library
scroll	document
page_facing_up	document
newspaper	press
newspaper_roll	press
label	tag
moneybag	dollar cream
dollar	money
money_with_wings	dollar
credit_card	subscription
envelope	letter email
package	shipping
memo	document note
briefcase	business
file_folder	directory
date	calendar schedule
calendar	schedule
chart_with_upwards_trend	graph metrics
chart_with_downwards_trend	graph metrics
bar_chart	stats metrics
pushpin	location
round_pushpin	location
scissors	cut
wastebasket	trash
lock	security private
unlock	security
closed_lock_with_key	security
key	lock password
hammer	tool
bomb	boom
bow_and_arrow	archery
wrench	tool
microscope	science laboratory investigate
satellite	signal
syringe	health hospital needle
pill	health medicine
toilet	wc
shower	bath
roll_of_paper	toilet
smoking	cigarette
coffin	funeral
moyai	stone
wheelchair	accessibility
restroom	toilet
wc	toilet restroom
baggage_claim	airport
warning	wip
no_entry	limit
no_entry_sign	block forbidden
leftwards_arrow_with_hook	return
arrows_counterclockwise	sync
twisted_rightwards_arrows	shuffle
repeat	loop
cinema	film movie
signal_strength	wifi
wireless	wifi
mobile_phone_off	mute off
question	confused
exclamation	bang
recycle	environment green
tm	trademark
hash	number
capital_abcd	letters
1234	numbers
abc	alphabet
new	fresh
ok	yes
sos	help emergency
checkered_flag	milestone finish
rainbow_flag	pride
cocos_islands	keeling
cote_divoire	ivory
cn	china
de	flag germany
es	spain
fr	france french
gb	flag british
it	italy
jp	japan
kr	korea
myanmar	burma
ru	russia
tr	turkey
us	flag united america
